producto,query,archivo,pexels_id,fotografo,url_pexels
camisas,shirt product photography,imagenes_ecommerce/camisas/camisas_01_7752804.jpeg,7752804,Apunto Group Agencia de publicidad,https://www.pexels.com/photo/male-photographer-against-brick-wall-7752804/
camisas,shirt product photography,imagenes_ecommerce/camisas/camisas_02_11156392.jpeg,11156392,Lucas D'Jesus,https://www.pexels.com/photo/man-with-black-curly-hair-posing-in-photo-studio-11156392/
camisas,shirt product photography,imagenes_ecommerce/camisas/camisas_03_7045174.jpeg,7045174,Labskiii,https://www.pexels.com/photo/a-man-sitting-on-the-motorbike-7045174/
camisas,shirt product photography,imagenes_ecommerce/camisas/camisas_04_7045179.jpeg,7045179,Labskiii,https://www.pexels.com/photo/man-and-woman-sitting-on-black-motorcycle-7045179/
camisas,shirt product photography,imagenes_ecommerce/camisas/camisas_05_7045180.jpeg,7045180,Labskiii,https://www.pexels.com/photo/a-man-wearing-black-shirt-7045180/
camisas,shirt product photography,imagenes_ecommerce/camisas/camisas_06_6287505.jpeg,6287505,Minh Đức,https://www.pexels.com/photo/person-taking-picture-6287505/
camisas,shirt product photography,imagenes_ecommerce/camisas/camisas_07_13811772.jpeg,13811772,Kenneth Surillo,https://www.pexels.com/photo/a-man-in-white-crew-neck-t-shirt-wearing-black-framed-eyeglasses-13811772/
camisas,shirt product photography,imagenes_ecommerce/camisas/camisas_08_37958991.jpeg,37958991,Efe Ersoy,https://www.pexels.com/photo/couple-enjoying-scenic-view-in-porto-portugal-37958991/
camisas,shirt product photography,imagenes_ecommerce/camisas/camisas_09_7045178.jpeg,7045178,Labskiii,https://www.pexels.com/photo/a-man-sitting-on-the-motorbike-7045178/
camisas,shirt product photography,imagenes_ecommerce/camisas/camisas_10_13562801.jpeg,13562801,yusuf  zainulhaq,https://www.pexels.com/photo/young-woman-with-clothes-lying-around-her-13562801/
tazas,ceramic mug product photography,imagenes_ecommerce/tazas/tazas_01_16033792.jpeg,16033792,Ajit Bari,https://www.pexels.com/photo/mugs-in-a-kitchen-16033792/
tazas,ceramic mug product photography,imagenes_ecommerce/tazas/tazas_02_1724184.jpeg,1724184,Craig Adderley,https://www.pexels.com/photo/blue-and-white-ceramic-mug-1724184/
tazas,ceramic mug product photography,imagenes_ecommerce/tazas/tazas_03_6030460.jpeg,6030460,Mungai Mutugi,https://www.pexels.com/photo/close-up-shot-of-a-cup-of-beverage-6030460/
tazas,ceramic mug product photography,imagenes_ecommerce/tazas/tazas_04_12480291.jpeg,12480291,JM Studio,https://www.pexels.com/photo/a-coffee-cup-near-the-blue-teaspoon-12480291/
tazas,ceramic mug product photography,imagenes_ecommerce/tazas/tazas_05_31785816.jpeg,31785816,Natalie Goodwin,https://www.pexels.com/photo/cozy-ceramic-mug-with-vintage-aesthetic-indoors-31785816/
tazas,ceramic mug product photography,imagenes_ecommerce/tazas/tazas_06_20107126.jpeg,20107126,Dmitry Rodionov,https://www.pexels.com/photo/woman-hands-holding-cup-over-typewriter-20107126/
tazas,ceramic mug product photography,imagenes_ecommerce/tazas/tazas_07_11896287.jpeg,11896287,William Adams,https://www.pexels.com/photo/woman-in-afro-hair-holding-a-mug-while-looking-at-the-camera-11896287/
tazas,ceramic mug product photography,imagenes_ecommerce/tazas/tazas_08_3187013.jpeg,3187013,Анна Романченко,https://www.pexels.com/photo/clay-mug-on-book-3187013/
tazas,ceramic mug product photography,imagenes_ecommerce/tazas/tazas_09_34299318.jpeg,34299318,betül nur akyürek,https://www.pexels.com/photo/black-and-white-ceramic-mug-with-tea-34299318/
tazas,ceramic mug product photography,imagenes_ecommerce/tazas/tazas_10_8281892.jpeg,8281892,Karen Laårk Boshoff,https://www.pexels.com/photo/skull-cap-with-bones-8281892/
bolsos,handbag product photography,imagenes_ecommerce/bolsos/bolsos_01_34976481.jpeg,34976481,Thang Nguyen,https://www.pexels.com/photo/fashion-flat-lay-with-accessories-and-magazine-34976481/
bolsos,handbag product photography,imagenes_ecommerce/bolsos/bolsos_02_26954376.jpeg,26954376,José Martin Segura Benites,https://www.pexels.com/photo/purse-with-artificial-crocodile-leather-26954376/
bolsos,handbag product photography,imagenes_ecommerce/bolsos/bolsos_03_27127406.jpeg,27127406,José Martin Segura Benites,https://www.pexels.com/photo/leather-bag-and-belt-27127406/
bolsos,handbag product photography,imagenes_ecommerce/bolsos/bolsos_04_26954371.jpeg,26954371,José Martin Segura Benites,https://www.pexels.com/photo/purse-with-artificial-crocodile-leather-26954371/
bolsos,handbag product photography,imagenes_ecommerce/bolsos/bolsos_05_27204287.jpeg,27204287,José Martin Segura Benites,https://www.pexels.com/photo/a-brown-leather-cross-body-bag-with-a-strap-27204287/
bolsos,handbag product photography,imagenes_ecommerce/bolsos/bolsos_06_27204286.jpeg,27204286,José Martin Segura Benites,https://www.pexels.com/photo/the-brown-leather-cross-body-bag-is-shown-on-a-table-27204286/
bolsos,handbag product photography,imagenes_ecommerce/bolsos/bolsos_07_27174573.jpeg,27174573,José Martin Segura Benites,https://www.pexels.com/photo/bag-on-yellow-background-27174573/
bolsos,handbag product photography,imagenes_ecommerce/bolsos/bolsos_08_27046143.jpeg,27046143,José Martin Segura Benites,https://www.pexels.com/photo/brown-and-black-bags-27046143/
bolsos,handbag product photography,imagenes_ecommerce/bolsos/bolsos_09_26736144.jpeg,26736144,José Martin Segura Benites,https://www.pexels.com/photo/leather-bag-in-black-and-white-26736144/
bolsos,handbag product photography,imagenes_ecommerce/bolsos/bolsos_10_27100523.jpeg,27100523,José Martin Segura Benites,https://www.pexels.com/photo/photo-of-a-leather-handbag-27100523/
zapatos,shoes product photography,imagenes_ecommerce/zapatos/zapatos_01_27256470.jpeg,27256470,José Martin Segura Benites,https://www.pexels.com/photo/colecion-botines-27256470/
zapatos,shoes product photography,imagenes_ecommerce/zapatos/zapatos_02_27256456.jpeg,27256456,José Martin Segura Benites,https://www.pexels.com/photo/coleccion-botin-27256456/
zapatos,shoes product photography,imagenes_ecommerce/zapatos/zapatos_03_27204266.jpeg,27204266,José Martin Segura Benites,https://www.pexels.com/photo/a-woman-s-hand-holding-a-pair-of-black-heels-27204266/
zapatos,shoes product photography,imagenes_ecommerce/zapatos/zapatos_04_26732212.jpeg,26732212,José Martin Segura Benites,https://www.pexels.com/photo/black-leather-boots-lying-on-a-mirror-26732212/
zapatos,shoes product photography,imagenes_ecommerce/zapatos/zapatos_05_27256452.jpeg,27256452,José Martin Segura Benites,https://www.pexels.com/photo/coleccion-de-mocasines-27256452/
zapatos,shoes product photography,imagenes_ecommerce/zapatos/zapatos_06_27658532.jpeg,27658532,José Martin Segura Benites,https://www.pexels.com/photo/botin-marron-27658532/
zapatos,shoes product photography,imagenes_ecommerce/zapatos/zapatos_07_27256464.jpeg,27256464,José Martin Segura Benites,https://www.pexels.com/photo/coleccion-de-mocasines-27256464/
zapatos,shoes product photography,imagenes_ecommerce/zapatos/zapatos_08_27256459.jpeg,27256459,José Martin Segura Benites,https://www.pexels.com/photo/botin-natural-27256459/
zapatos,shoes product photography,imagenes_ecommerce/zapatos/zapatos_09_19166246.jpeg,19166246,Danyal Malik,https://www.pexels.com/photo/studio-shoot-of-shoes-against-black-background-19166246/
zapatos,shoes product photography,imagenes_ecommerce/zapatos/zapatos_10_26775749.jpeg,26775749,José Martin Segura Benites,https://www.pexels.com/photo/sneakers-with-rainbow-theme-26775749/
relojes,watch product photography,imagenes_ecommerce/relojes/relojes_01_6157408.jpeg,6157408,Mungai Mutugi,https://www.pexels.com/photo/close-up-shot-of-an-analog-wristwatch-6157408/
relojes,watch product photography,imagenes_ecommerce/relojes/relojes_02_8839887.jpeg,8839887,VVS ™,https://www.pexels.com/photo/close-up-of-a-black-luxury-watch-8839887/
relojes,watch product photography,imagenes_ecommerce/relojes/relojes_03_6157411.jpeg,6157411,Mungai Mutugi,https://www.pexels.com/photo/close-up-shot-of-an-analog-wristwatch-6157411/
relojes,watch product photography,imagenes_ecommerce/relojes/relojes_04_9261531.jpeg,9261531,VVS ™,https://www.pexels.com/photo/close-up-shot-of-a-silver-wristwatch-9261531/
relojes,watch product photography,imagenes_ecommerce/relojes/relojes_05_14312717.jpeg,14312717,Bimal  Chhetry,https://www.pexels.com/photo/a-person-holding-an-analog-wristwatch-14312717/
relojes,watch product photography,imagenes_ecommerce/relojes/relojes_06_15210883.jpeg,15210883,Roman Koval,https://www.pexels.com/photo/wristwatch-in-close-up-photography-15210883/
relojes,watch product photography,imagenes_ecommerce/relojes/relojes_07_16958879.jpeg,16958879,Daniel Sperindeo,https://www.pexels.com/photo/silver-watch-on-black-background-16958879/
relojes,watch product photography,imagenes_ecommerce/relojes/relojes_08_9561299.jpeg,9561299,Quang Viet Nguyen,https://www.pexels.com/photo/a-wristwatch-with-a-leather-strap-9561299/
relojes,watch product photography,imagenes_ecommerce/relojes/relojes_09_12564670.jpeg,12564670,Adrian Regeci,https://www.pexels.com/photo/an-apple-watch-on-a-white-surface-12564670/
relojes,watch product photography,imagenes_ecommerce/relojes/relojes_10_30077330.jpeg,30077330,Heidi Daniëls,https://www.pexels.com/photo/luxury-breitling-watch-in-elegant-presentation-box-30077330/
perfumes,perfume bottle product photography,imagenes_ecommerce/perfumes/perfumes_01_19644204.jpeg,19644204,Absin,https://www.pexels.com/photo/close-up-of-a-perfume-in-a-bottle-19644204/
perfumes,perfume bottle product photography,imagenes_ecommerce/perfumes/perfumes_02_6958875.jpeg,6958875,Abdulrhman Alkady,https://www.pexels.com/photo/still-life-with-perfume-bottles-on-gray-background-6958875/
perfumes,perfume bottle product photography,imagenes_ecommerce/perfumes/perfumes_03_28481966.jpeg,28481966,Yana Romanovich,https://www.pexels.com/photo/artistic-shadow-of-perfume-bottle-with-hand-28481966/
perfumes,perfume bottle product photography,imagenes_ecommerce/perfumes/perfumes_04_27572999.jpeg,27572999,Daniel Marroquín,https://www.pexels.com/photo/perfume-blanco-27572999/
perfumes,perfume bottle product photography,imagenes_ecommerce/perfumes/perfumes_05_12456284.jpeg,12456284,Khulood Abdulghani,https://www.pexels.com/photo/a-perfume-bottle-on-a-wooden-surface-12456284/
perfumes,perfume bottle product photography,imagenes_ecommerce/perfumes/perfumes_06_12456259.jpeg,12456259,Khulood Abdulghani,https://www.pexels.com/photo/a-perfume-bottle-in-close-up-photography-12456259/
perfumes,perfume bottle product photography,imagenes_ecommerce/perfumes/perfumes_07_36339051.jpeg,36339051,Pușcaș Adryan,https://www.pexels.com/photo/luxurious-obsidian-elixir-perfume-bottle-showcase-36339051/
perfumes,perfume bottle product photography,imagenes_ecommerce/perfumes/perfumes_08_12456275.jpeg,12456275,Khulood Abdulghani,https://www.pexels.com/photo/gold-glass-bottle-on-brown-wooden-table-12456275/
perfumes,perfume bottle product photography,imagenes_ecommerce/perfumes/perfumes_09_30181058.jpeg,30181058,PIC MATTI,https://www.pexels.com/photo/sleek-bottle-of-tom-ford-ombre-leather-perfume-30181058/
perfumes,perfume bottle product photography,imagenes_ecommerce/perfumes/perfumes_10_29982967.jpeg,29982967,Absin,https://www.pexels.com/photo/narciso-rodriguez-perfume-bottle-in-sunlight-29982967/
audifonos,headphones product photography,imagenes_ecommerce/audifonos/audifonos_01_9058883.jpeg,9058883,Saeed Khokhar,https://www.pexels.com/photo/close-up-shot-of-black-headphones-9058883/
audifonos,headphones product photography,imagenes_ecommerce/audifonos/audifonos_02_3394650.jpeg,3394650,Sound On,https://www.pexels.com/photo/white-wireless-headphones-3394650/
audifonos,headphones product photography,imagenes_ecommerce/audifonos/audifonos_03_3394648.jpeg,3394648,Sound On,https://www.pexels.com/photo/white-headset-on-white-background-3394648/
audifonos,headphones product photography,imagenes_ecommerce/audifonos/audifonos_04_9058878.jpeg,9058878,Saeed Khokhar,https://www.pexels.com/photo/close-up-shot-of-white-headphones-on-a-white-surface-9058878/
audifonos,headphones product photography,imagenes_ecommerce/audifonos/audifonos_05_3394653.jpeg,3394653,Sound On,https://www.pexels.com/photo/white-headphones-3394653/
audifonos,headphones product photography,imagenes_ecommerce/audifonos/audifonos_06_9058879.jpeg,9058879,Saeed Khokhar,https://www.pexels.com/photo/close-up-shot-of-white-headphones-on-a-white-surface-9058879/
audifonos,headphones product photography,imagenes_ecommerce/audifonos/audifonos_07_18224279.jpeg,18224279,Robert Forever Ago,https://www.pexels.com/photo/headphones-on-pictures-18224279/
audifonos,headphones product photography,imagenes_ecommerce/audifonos/audifonos_08_3394662.jpeg,3394662,Sound On,https://www.pexels.com/photo/white-wireless-headphones-3394662/
audifonos,headphones product photography,imagenes_ecommerce/audifonos/audifonos_09_31799256.jpeg,31799256,Smooth Models,https://www.pexels.com/photo/smiling-man-wearing-headphones-on-orange-background-31799256/
audifonos,headphones product photography,imagenes_ecommerce/audifonos/audifonos_10_8177853.jpeg,8177853,Edmilson Eucleni,https://www.pexels.com/photo/man-wearing-headphones-while-using-a-laptop-8177853/
mochilas,backpack product photography,imagenes_ecommerce/mochilas/mochilas_01_5984424.jpeg,5984424,竟傲 汤,https://www.pexels.com/photo/a-man-walking-on-a-wooden-bridge-in-a-bamboo-forest-5984424/
mochilas,backpack product photography,imagenes_ecommerce/mochilas/mochilas_02_31453948.jpeg,31453948,Mad Knoxx Deluxe,https://www.pexels.com/photo/photography-equipment-in-outdoor-setting-31453948/
mochilas,backpack product photography,imagenes_ecommerce/mochilas/mochilas_03_18761052.jpeg,18761052,GoGoNano Official,https://www.pexels.com/photo/backpack-and-spray-in-forest-18761052/
mochilas,backpack product photography,imagenes_ecommerce/mochilas/mochilas_04_19131365.jpeg,19131365,Joris Eschalier,https://www.pexels.com/photo/man-on-a-trip-in-mountain-valley-19131365/
mochilas,backpack product photography,imagenes_ecommerce/mochilas/mochilas_05_35521632.jpeg,35521632,Charlie Dogaong,https://www.pexels.com/photo/adventurous-solo-trekker-in-sagada-s-scenic-wilderness-35521632/
mochilas,backpack product photography,imagenes_ecommerce/mochilas/mochilas_06_20094394.jpeg,20094394,Thomas Richard,https://www.pexels.com/photo/man-wearing-backpack-by-the-shore-20094394/
mochilas,backpack product photography,imagenes_ecommerce/mochilas/mochilas_07_22776471.jpeg,22776471,Kurt Barlow,https://www.pexels.com/photo/man-with-backpack-standing-on-rock-22776471/
mochilas,backpack product photography,imagenes_ecommerce/mochilas/mochilas_08_5867971.jpeg,5867971,Martin,https://www.pexels.com/photo/man-carrying-a-black-bag-while-walking-on-rocks-5867971/
mochilas,backpack product photography,imagenes_ecommerce/mochilas/mochilas_09_33745055.jpeg,33745055,Ayşegül  Aytören,https://www.pexels.com/photo/lone-traveler-on-empty-bridge-in-black-and-white-33745055/
mochilas,backpack product photography,imagenes_ecommerce/mochilas/mochilas_10_2416871.jpeg,2416871,Tavarruk,https://www.pexels.com/photo/monochrome-photo-of-person-wearing-black-jacket-2416871/
lentes,sunglasses product photography,imagenes_ecommerce/lentes/lentes_01_10237074.jpeg,10237074,Rujwal Pradhan,https://www.pexels.com/photo/sunglasses-in-close-up-photography-10237074/
lentes,sunglasses product photography,imagenes_ecommerce/lentes/lentes_02_32677225.jpeg,32677225,Fashion Needles,https://www.pexels.com/photo/stylish-heart-shaped-pink-and-gray-sunglasses-32677225/
lentes,sunglasses product photography,imagenes_ecommerce/lentes/lentes_03_32677205.jpeg,32677205,Fashion Needles,https://www.pexels.com/photo/elegant-designer-sunglasses-with-metal-frames-32677205/
lentes,sunglasses product photography,imagenes_ecommerce/lentes/lentes_04_8364105.jpeg,8364105,Jared VanderMeer,https://www.pexels.com/photo/a-woman-in-brown-sunglass-8364105/
lentes,sunglasses product photography,imagenes_ecommerce/lentes/lentes_05_7593266.jpeg,7593266,Maksim Darling,https://www.pexels.com/photo/woman-wearing-sunglasses-leaning-on-a-rock-7593266/
lentes,sunglasses product photography,imagenes_ecommerce/lentes/lentes_06_13909956.jpeg,13909956,Barış Yiğit,https://www.pexels.com/photo/grayscale-photo-of-a-man-holding-sunglasses-13909956/
lentes,sunglasses product photography,imagenes_ecommerce/lentes/lentes_07_31972258.jpeg,31972258,Guillermo Berlin,https://www.pexels.com/photo/stylish-woman-posing-with-sunglasses-in-buenos-aires-31972258/
lentes,sunglasses product photography,imagenes_ecommerce/lentes/lentes_08_11462529.jpeg,11462529,Frank Chamba,https://www.pexels.com/photo/close-up-photo-of-woman-wearing-sunglasses-11462529/
lentes,sunglasses product photography,imagenes_ecommerce/lentes/lentes_09_31972242.jpeg,31972242,Guillermo Berlin,https://www.pexels.com/photo/stylish-woman-posing-outdoors-in-sunglasses-31972242/
lentes,sunglasses product photography,imagenes_ecommerce/lentes/lentes_10_28666280.jpeg,28666280,Guillermo Berlin,https://www.pexels.com/photo/fashionable-woman-in-sunglasses-posing-outdoors-28666280/
joyeria,jewelry product photography,imagenes_ecommerce/joyeria/joyeria_01_6716444.jpeg,6716444,The Glorious  Studio,https://www.pexels.com/photo/set-of-silver-jewelries-with-diamonds-and-gems-6716444/
joyeria,jewelry product photography,imagenes_ecommerce/joyeria/joyeria_02_6716442.jpeg,6716442,The Glorious  Studio,https://www.pexels.com/photo/gold-bracelets-studded-with-diamonds-6716442/
joyeria,jewelry product photography,imagenes_ecommerce/joyeria/joyeria_03_8306529.jpeg,8306529,The Glorious  Studio,https://www.pexels.com/photo/close-up-shot-of-a-pink-ring-8306529/
joyeria,jewelry product photography,imagenes_ecommerce/joyeria/joyeria_04_8891955.jpeg,8891955,The Glorious  Studio,https://www.pexels.com/photo/necklace-and-earrings-set-on-the-empty-container-8891955/
joyeria,jewelry product photography,imagenes_ecommerce/joyeria/joyeria_05_8891953.jpeg,8891953,The Glorious  Studio,https://www.pexels.com/photo/silver-and-gold-jewelries-in-close-up-photography-8891953/
joyeria,jewelry product photography,imagenes_ecommerce/joyeria/joyeria_06_8891959.jpeg,8891959,The Glorious  Studio,https://www.pexels.com/photo/silver-ring-with-diamonds-8891959/
joyeria,jewelry product photography,imagenes_ecommerce/joyeria/joyeria_07_12026054.jpeg,12026054,The Glorious  Studio,https://www.pexels.com/photo/gold-necklace-on-teal-cup-and-brown-lid-12026054/
joyeria,jewelry product photography,imagenes_ecommerce/joyeria/joyeria_08_6716445.jpeg,6716445,The Glorious  Studio,https://www.pexels.com/photo/gold-and-silver-jewelries-with-diamonds-and-gems-6716445/
joyeria,jewelry product photography,imagenes_ecommerce/joyeria/joyeria_09_8891950.jpeg,8891950,The Glorious  Studio,https://www.pexels.com/photo/close-up-of-a-gold-ring-with-diamonds-8891950/
joyeria,jewelry product photography,imagenes_ecommerce/joyeria/joyeria_10_5442466.jpeg,5442466,The Glorious  Studio,https://www.pexels.com/photo/diamond-necklaces-5442466/
